series,axis_cells,regions,ranks,mode,stage,samples,seconds_max_rank_median,seconds_max_rank_min,seconds_max_rank_max,peak_rss_bytes_max_rank_median,peak_rss_bytes_max_rank_min,peak_rss_bytes_max_rank_max,measured_mesh_bytes_max_rank_median,measured_mesh_bytes_max_rank_min,measured_mesh_bytes_max_rank_max,compatibility_bytes_max_rank_median,compatibility_bytes_max_rank_min,compatibility_bytes_max_rank_max,ghost_owned_ratio_max_rank_median,ghost_owned_ratio_max_rank_min,ghost_owned_ratio_max_rank_max
main,16,2,1,composite,application_average,1,1.17662e-05,1.17662e-05,1.17662e-05,54255616,54255616,54255616,13376,13376,13376,0,0,0,0,0,0
main,16,2,1,composite,assembly,1,0.040827917,0.040827917,0.040827917,54255616,54255616,54255616,13376,13376,13376,0,0,0,0,0,0
main,16,2,1,composite,construction,1,0.002212533,0.002212533,0.002212533,50470912,50470912,50470912,13376,13376,13376,0,0,0,0,0,0
main,16,2,1,composite,execution_view_setup,1,4.04e-07,4.04e-07,4.04e-07,50470912,50470912,50470912,13376,13376,13376,0,0,0,0,0,0
main,16,2,1,composite,native_region_traversal_average,1,0.0003101666,0.0003101666,0.0003101666,50470912,50470912,50470912,13376,13376,13376,0,0,0,0,0,0
main,16,2,1,composite,output,1,0.007916767,0.007916767,0.007916767,57573376,57573376,57573376,13376,13376,13376,0,0,0,0,0,0
main,16,2,1,composite,solve_including_preconditioner,1,0.001814487,0.001814487,0.001814487,56786944,56786944,56786944,13376,13376,13376,0,0,0,0,0,0
main,16,2,1,composite,traversal_average,1,0.0096150812,0.0096150812,0.0096150812,50470912,50470912,50470912,13376,13376,13376,0,0,0,0,0,0
main,16,2,1,flattened,application_average,1,1.36114e-05,1.36114e-05,1.36114e-05,59297792,59297792,59297792,3209800,3209800,3209800,0,0,0,0,0,0
main,16,2,1,flattened,assembly,1,0.003852569,0.003852569,0.003852569,58904576,58904576,58904576,3209800,3209800,3209800,0,0,0,0,0,0
main,16,2,1,flattened,construction,1,0.009159729,0.009159729,0.009159729,55824384,55824384,55824384,3209800,3209800,3209800,0,0,0,0,0,0
main,16,2,1,flattened,execution_view_setup,1,2.576e-06,2.576e-06,2.576e-06,56086528,56086528,56086528,3209800,3209800,3209800,0,0,0,0,0,0
main,16,2,1,flattened,output,1,0.007065651,0.007065651,0.007065651,61722624,61722624,61722624,3209800,3209800,3209800,0,0,0,0,0,0
main,16,2,1,flattened,solve_including_preconditioner,1,0.001756265,0.001756265,0.001756265,61722624,61722624,61722624,3209800,3209800,3209800,0,0,0,0,0,0
main,16,2,1,flattened,traversal_average,1,0.0007048474,0.0007048474,0.0007048474,56086528,56086528,56086528,3209800,3209800,3209800,0,0,0,0,0,0
main,16,2,1,materialized,application_average,1,1.2335e-05,1.2335e-05,1.2335e-05,59478016,59478016,59478016,680952,680952,680952,131080,131080,131080,0,0,0
main,16,2,1,materialized,assembly,1,0.041727809,0.041727809,0.041727809,59068416,59068416,59068416,680952,680952,680952,131080,131080,131080,0,0,0
main,16,2,1,materialized,construction,1,0.017881358,0.017881358,0.017881358,55480320,55480320,55480320,680952,680952,680952,131080,131080,131080,0,0,0
main,16,2,1,materialized,execution_view_setup,1,1.291e-06,1.291e-06,1.291e-06,55611392,55611392,55611392,680952,680952,680952,131080,131080,131080,0,0,0
main,16,2,1,materialized,native_region_traversal_average,1,0.0002807008,0.0002807008,0.0002807008,55611392,55611392,55611392,680952,680952,680952,131080,131080,131080,0,0,0
main,16,2,1,materialized,output,1,0.00790097,0.00790097,0.00790097,62558208,62558208,62558208,680952,680952,680952,131080,131080,131080,0,0,0
main,16,2,1,materialized,solve_including_preconditioner,1,0.001631081,0.001631081,0.001631081,62033920,62033920,62033920,680952,680952,680952,131080,131080,131080,0,0,0
main,16,2,1,materialized,traversal_average,1,0.0027857128,0.0027857128,0.0027857128,55611392,55611392,55611392,680952,680952,680952,131080,131080,131080,0,0,0
main,16,2,1,native,application_average,1,1.27308e-05,1.27308e-05,1.27308e-05,54259712,54259712,54259712,10480,10480,10480,0,0,0,0,0,0
main,16,2,1,native,assembly,1,0.00409547,0.00409547,0.00409547,54259712,54259712,54259712,10480,10480,10480,0,0,0,0,0,0
main,16,2,1,native,construction,1,0.000266014,0.000266014,0.000266014,50159616,50159616,50159616,10480,10480,10480,0,0,0,0,0,0
main,16,2,1,native,execution_view_setup,1,2.49e-07,2.49e-07,2.49e-07,50159616,50159616,50159616,10480,10480,10480,0,0,0,0,0,0
main,16,2,1,native,output,1,0.007247339,0.007247339,0.007247339,57102336,57102336,57102336,10480,10480,10480,0,0,0,0,0,0
main,16,2,1,native,solve_including_preconditioner,1,0.001936795,0.001936795,0.001936795,56578048,56578048,56578048,10480,10480,10480,0,0,0,0,0,0
main,16,2,1,native,traversal_average,1,0.0007965272,0.0007965272,0.0007965272,50159616,50159616,50159616,10480,10480,10480,0,0,0,0,0,0
main,32,1,1,composite,application_average,1,0.0001457272,0.0001457272,0.0001457272,62021632,62021632,62021632,30432,30432,30432,0,0,0,0,0,0
main,32,1,1,composite,assembly,1,0.104030976,0.104030976,0.104030976,62021632,62021632,62021632,30432,30432,30432,0,0,0,0,0,0
main,32,1,1,composite,construction,1,0.002580038,0.002580038,0.002580038,50814976,50814976,50814976,30432,30432,30432,0,0,0,0,0,0
main,32,1,1,composite,execution_view_setup,1,3.63e-07,3.63e-07,3.63e-07,50946048,50946048,50946048,30432,30432,30432,0,0,0,0,0,0
main,32,1,1,composite,native_region_traversal_average,1,0.0021478724,0.0021478724,0.0021478724,50946048,50946048,50946048,30432,30432,30432,0,0,0,0,0,0
main,32,1,1,composite,output,1,0.065842917,0.065842917,0.065842917,68571136,68571136,68571136,30432,30432,30432,0,0,0,0,0,0
main,32,1,1,composite,solve_including_preconditioner,1,0.025756599,0.025756599,0.025756599,62021632,62021632,62021632,30432,30432,30432,0,0,0,0,0,0
main,32,1,1,composite,traversal_average,1,0.0494014578,0.0494014578,0.0494014578,50946048,50946048,50946048,30432,30432,30432,0,0,0,0,0,0
main,32,1,1,flattened,application_average,1,0.0001060356,0.0001060356,0.0001060356,97685504,97685504,97685504,25415368,25415368,25415368,0,0,0,0,0,0
main,32,1,1,flattened,assembly,1,0.030980041,0.030980041,0.030980041,97136640,97136640,97136640,25415368,25415368,25415368,0,0,0,0,0,0
main,32,1,1,flattened,construction,1,0.076112764,0.076112764,0.076112764,91402240,91402240,91402240,25415368,25415368,25415368,0,0,0,0,0,0
main,32,1,1,flattened,execution_view_setup,1,5.32e-07,5.32e-07,5.32e-07,91402240,91402240,91402240,25415368,25415368,25415368,0,0,0,0,0,0
main,32,1,1,flattened,output,1,0.054901401,0.054901401,0.054901401,102150144,102150144,102150144,25415368,25415368,25415368,0,0,0,0,0,0
main,32,1,1,flattened,solve_including_preconditioner,1,0.024926358,0.024926358,0.024926358,100052992,100052992,100052992,25415368,25415368,25415368,0,0,0,0,0,0
main,32,1,1,flattened,traversal_average,1,0.0060296098,0.0060296098,0.0060296098,91402240,91402240,91402240,25415368,25415368,25415368,0,0,0,0,0,0
main,32,1,1,materialized,application_average,1,0.0001059488,0.0001059488,0.0001059488,100024320,100024320,100024320,5160960,5160960,5160960,1048584,1048584,1048584,0,0,0
main,32,1,1,materialized,assembly,1,0.116458811,0.116458811,0.116458811,99631104,99631104,99631104,5160960,5160960,5160960,1048584,1048584,1048584,0,0,0
main,32,1,1,materialized,construction,1,2.191143833,2.191143833,2.191143833,89473024,89473024,89473024,5160960,5160960,5160960,1048584,1048584,1048584,0,0,0
main,32,1,1,materialized,execution_view_setup,1,1.206e-06,1.206e-06,1.206e-06,89604096,89604096,89604096,5160960,5160960,5160960,1048584,1048584,1048584,0,0,0
main,32,1,1,materialized,native_region_traversal_average,1,0.0023907604,0.0023907604,0.0023907604,89604096,89604096,89604096,5160960,5160960,5160960,1048584,1048584,1048584,0,0,0
main,32,1,1,materialized,output,1,0.06306289,0.06306289,0.06306289,106315776,106315776,106315776,5160960,5160960,5160960,1048584,1048584,1048584,0,0,0
main,32,1,1,materialized,solve_including_preconditioner,1,0.025078512,0.025078512,0.025078512,102252544,102252544,102252544,5160960,5160960,5160960,1048584,1048584,1048584,0,0,0
main,32,1,1,materialized,traversal_average,1,0.0050869164,0.0050869164,0.0050869164,89604096,89604096,89604096,5160960,5160960,5160960,1048584,1048584,1048584,0,0,0
main,32,1,1,native,application_average,1,0.0001202998,0.0001202998,0.0001202998,62169088,62169088,62169088,31024,31024,31024,0,0,0,0,0,0
main,32,1,1,native,assembly,1,0.031592186,0.031592186,0.031592186,62169088,62169088,62169088,31024,31024,31024,0,0,0,0,0,0
main,32,1,1,native,construction,1,0.000421087,0.000421087,0.000421087,50700288,50700288,50700288,31024,31024,31024,0,0,0,0,0,0
main,32,1,1,native,execution_view_setup,1,2.487e-06,2.487e-06,2.487e-06,50831360,50831360,50831360,31024,31024,31024,0,0,0,0,0,0
main,32,1,1,native,output,1,0.058031287,0.058031287,0.058031287,66519040,66519040,66519040,31024,31024,31024,0,0,0,0,0,0
main,32,1,1,native,solve_including_preconditioner,1,0.023043241,0.023043241,0.023043241,62169088,62169088,62169088,31024,31024,31024,0,0,0,0,0,0
main,32,1,1,native,traversal_average,1,0.0060833296,0.0060833296,0.0060833296,50831360,50831360,50831360,31024,31024,31024,0,0,0,0,0,0
main,32,2,1,composite,application_average,1,0.00010575,0.00010575,0.00010575,61456384,61456384,61456384,34048,34048,34048,0,0,0,0,0,0
main,32,2,1,composite,assembly,1,0.379409333,0.379409333,0.379409333,61456384,61456384,61456384,34048,34048,34048,0,0,0,0,0,0
main,32,2,1,composite,construction,1,0.014700888,0.014700888,0.014700888,50388992,50388992,50388992,34048,34048,34048,0,0,0,0,0,0
main,32,2,1,composite,execution_view_setup,1,2.66e-07,2.66e-07,2.66e-07,50520064,50520064,50520064,34048,34048,34048,0,0,0,0,0,0
main,32,2,1,composite,native_region_traversal_average,1,0.0022092438,0.0022092438,0.0022092438,50520064,50520064,50520064,34048,34048,34048,0,0,0,0,0,0
main,32,2,1,composite,output,1,0.064566409,0.064566409,0.064566409,68182016,68182016,68182016,34048,34048,34048,0,0,0,0,0,0
main,32,2,1,composite,solve_including_preconditioner,1,0.024201589,0.024201589,0.024201589,61497344,61497344,61497344,34048,34048,34048,0,0,0,0,0,0
main,32,2,1,composite,traversal_average,1,0.082947057,0.082947057,0.082947057,50520064,50520064,50520064,34048,34048,34048,0,0,0,0,0,0
main,32,2,1,flattened,application_average,1,0.0001073478,0.0001073478,0.0001073478,97968128,97968128,97968128,25415368,25415368,25415368,0,0,0,0,0,0
main,32,2,1,flattened,assembly,1,0.031197048,0.031197048,0.031197048,97574912,97574912,97574912,25415368,25415368,25415368,0,0,0,0,0,0
main,32,2,1,flattened,construction,1,0.078427396,0.078427396,0.078427396,91381760,91381760,91381760,25415368,25415368,25415368,0,0,0,0,0,0
main,32,2,1,flattened,execution_view_setup,1,2.6e-07,2.6e-07,2.6e-07,91381760,91381760,91381760,25415368,25415368,25415368,0,0,0,0,0,0
main,32,2,1,flattened,output,1,0.053864839,0.053864839,0.053864839,102543360,102543360,102543360,25415368,25415368,25415368,0,0,0,0,0,0
main,32,2,1,flattened,solve_including_preconditioner,1,0.023677985,0.023677985,0.023677985,100446208,100446208,100446208,25415368,25415368,25415368,0,0,0,0,0,0
main,32,2,1,flattened,traversal_average,1,0.005532802,0.005532802,0.005532802,91381760,91381760,91381760,25415368,25415368,25415368,0,0,0,0,0,0
main,32,2,1,materialized,application_average,1,0.000171624,0.000171624,0.000171624,100265984,100265984,100265984,5190712,5190712,5190712,1048584,1048584,1048584,0,0,0
main,32,2,1,materialized,assembly,1,0.384053688,0.384053688,0.384053688,100003840,100003840,100003840,5190712,5190712,5190712,1048584,1048584,1048584,0,0,0
main,32,2,1,materialized,construction,1,2.100200128,2.100200128,2.100200128,89468928,89468928,89468928,5190712,5190712,5190712,1048584,1048584,1048584,0,0,0
main,32,2,1,materialized,execution_view_setup,1,8.46e-07,8.46e-07,8.46e-07,89468928,89468928,89468928,5190712,5190712,5190712,1048584,1048584,1048584,0,0,0
main,32,2,1,materialized,native_region_traversal_average,1,0.0021550856,0.0021550856,0.0021550856,89468928,89468928,89468928,5190712,5190712,5190712,1048584,1048584,1048584,0,0,0
main,32,2,1,materialized,output,1,0.063937931,0.063937931,0.063937931,106516480,106516480,106516480,5190712,5190712,5190712,1048584,1048584,1048584,0,0,0
main,32,2,1,materialized,solve_including_preconditioner,1,0.023796279,0.023796279,0.023796279,102453248,102453248,102453248,5190712,5190712,5190712,1048584,1048584,1048584,0,0,0
main,32,2,1,materialized,traversal_average,1,0.0301132726,0.0301132726,0.0301132726,89468928,89468928,89468928,5190712,5190712,5190712,1048584,1048584,1048584,0,0,0
main,32,2,1,native,application_average,1,0.0001022154,0.0001022154,0.0001022154,62201856,62201856,62201856,31024,31024,31024,0,0,0,0,0,0
main,32,2,1,native,assembly,1,0.032252591,0.032252591,0.032252591,62201856,62201856,62201856,31024,31024,31024,0,0,0,0,0,0
main,32,2,1,native,construction,1,0.000941485,0.000941485,0.000941485,50610176,50610176,50610176,31024,31024,31024,0,0,0,0,0,0
main,32,2,1,native,execution_view_setup,1,4.2e-07,4.2e-07,4.2e-07,50757632,50757632,50757632,31024,31024,31024,0,0,0,0,0,0
main,32,2,1,native,output,1,0.056045916,0.056045916,0.056045916,66400256,66400256,66400256,31024,31024,31024,0,0,0,0,0,0
main,32,2,1,native,solve_including_preconditioner,1,0.02371692,0.02371692,0.02371692,62201856,62201856,62201856,31024,31024,31024,0,0,0,0,0,0
main,32,2,1,native,traversal_average,1,0.0064529394,0.0064529394,0.0064529394,50757632,50757632,50757632,31024,31024,31024,0,0,0,0,0,0
main,32,2,2,composite,application_average,1,6.98412e-05,6.98412e-05,6.98412e-05,81948672,81948672,81948672,187800,187800,187800,0,0,0,0.0625,0.0625,0.0625
main,32,2,2,composite,assembly,1,0.340228205,0.340228205,0.340228205,81190912,81190912,81190912,187800,187800,187800,0,0,0,0.0625,0.0625,0.0625
main,32,2,2,composite,construction,1,0.1276114,0.1276114,0.1276114,77324288,77324288,77324288,187800,187800,187800,0,0,0,0.0625,0.0625,0.0625
main,32,2,2,composite,execution_view_setup,1,1.057e-06,1.057e-06,1.057e-06,77586432,77586432,77586432,187800,187800,187800,0,0,0,0.0625,0.0625,0.0625
main,32,2,2,composite,native_region_traversal_average,1,0.0011108632,0.0011108632,0.0011108632,77586432,77586432,77586432,187800,187800,187800,0,0,0,0.0625,0.0625,0.0625
main,32,2,2,composite,output,1,0.03041713,0.03041713,0.03041713,83816448,83816448,83816448,187800,187800,187800,0,0,0,0.0625,0.0625,0.0625
main,32,2,2,composite,solve_including_preconditioner,1,0.01519236,0.01519236,0.01519236,83816448,83816448,83816448,187800,187800,187800,0,0,0,0.0625,0.0625,0.0625
main,32,2,2,composite,traversal_average,1,0.0591726296,0.0591726296,0.0591726296,77586432,77586432,77586432,187800,187800,187800,0,0,0,0.0625,0.0625,0.0625
main,32,2,2,materialized,application_average,1,7.2812e-05,7.2812e-05,7.2812e-05,82567168,82567168,82567168,2963304,2963304,2963304,557064,557064,557064,0.0625,0.0625,0.0625
main,32,2,2,materialized,assembly,1,0.378590328,0.378590328,0.378590328,81805312,81805312,81805312,2963304,2963304,2963304,557064,557064,557064,0.0625,0.0625,0.0625
main,32,2,2,materialized,construction,1,0.226018115,0.226018115,0.226018115,77553664,77553664,77553664,2963304,2963304,2963304,557064,557064,557064,0.0625,0.0625,0.0625
main,32,2,2,materialized,execution_view_setup,1,9.32e-07,9.32e-07,9.32e-07,77553664,77553664,77553664,2963304,2963304,2963304,557064,557064,557064,0.0625,0.0625,0.0625
main,32,2,2,materialized,native_region_traversal_average,1,0.0010574148,0.0010574148,0.0010574148,77553664,77553664,77553664,2963304,2963304,2963304,557064,557064,557064,0.0625,0.0625,0.0625
main,32,2,2,materialized,output,1,0.034346912,0.034346912,0.034346912,86253568,86253568,86253568,2963304,2963304,2963304,557064,557064,557064,0.0625,0.0625,0.0625
main,32,2,2,materialized,solve_including_preconditioner,1,0.020890135,0.020890135,0.020890135,84811776,84811776,84811776,2963304,2963304,2963304,557064,557064,557064,0.0625,0.0625,0.0625
main,32,2,2,materialized,traversal_average,1,0.0291516906,0.0291516906,0.0291516906,77553664,77553664,77553664,2963304,2963304,2963304,557064,557064,557064,0.0625,0.0625,0.0625
main,32,2,2,native,application_average,1,7.0517e-05,7.0517e-05,7.0517e-05,86265856,86265856,86265856,183744,183744,183744,0,0,0,0.0625,0.0625,0.0625
main,32,2,2,native,assembly,1,0.023947142,0.023947142,0.023947142,85471232,85471232,85471232,183744,183744,183744,0,0,0,0.0625,0.0625,0.0625
main,32,2,2,native,construction,1,0.057620105,0.057620105,0.057620105,81670144,81670144,81670144,183744,183744,183744,0,0,0,0.0625,0.0625,0.0625
main,32,2,2,native,execution_view_setup,1,4.38e-07,4.38e-07,4.38e-07,81825792,81825792,81825792,183744,183744,183744,0,0,0,0.0625,0.0625,0.0625
main,32,2,2,native,output,1,0.038049501,0.038049501,0.038049501,88563712,88563712,88563712,183744,183744,183744,0,0,0,0.0625,0.0625,0.0625
main,32,2,2,native,solve_including_preconditioner,1,0.015308813,0.015308813,0.015308813,88432640,88432640,88432640,183744,183744,183744,0,0,0,0.0625,0.0625,0.0625
main,32,2,2,native,traversal_average,1,0.005055694,0.005055694,0.005055694,81825792,81825792,81825792,183744,183744,183744,0,0,0,0.0625,0.0625,0.0625
main,32,2,4,composite,application_average,1,7.28722e-05,7.28722e-05,7.28722e-05,71340032,71340032,71340032,109728,109728,109728,0,0,0,0.125,0.125,0.125
main,32,2,4,composite,assembly,1,0.212953,0.212953,0.212953,70684672,70684672,70684672,109728,109728,109728,0,0,0,0.125,0.125,0.125
main,32,2,4,composite,construction,1,0.090996931,0.090996931,0.090996931,67182592,67182592,67182592,109728,109728,109728,0,0,0,0.125,0.125,0.125
main,32,2,4,composite,execution_view_setup,1,1.127e-06,1.127e-06,1.127e-06,67182592,67182592,67182592,109728,109728,109728,0,0,0,0.125,0.125,0.125
main,32,2,4,composite,native_region_traversal_average,1,0.0010667366,0.0010667366,0.0010667366,67182592,67182592,67182592,109728,109728,109728,0,0,0,0.125,0.125,0.125
main,32,2,4,composite,output,1,0.023036437,0.023036437,0.023036437,73515008,73515008,73515008,109728,109728,109728,0,0,0,0.125,0.125,0.125
main,32,2,4,composite,solve_including_preconditioner,1,0.014094304,0.014094304,0.014094304,73515008,73515008,73515008,109728,109728,109728,0,0,0,0.125,0.125,0.125
main,32,2,4,composite,traversal_average,1,0.036226427,0.036226427,0.036226427,67182592,67182592,67182592,109728,109728,109728,0,0,0,0.125,0.125,0.125
main,32,2,4,materialized,application_average,1,4.23338e-05,4.23338e-05,4.23338e-05,71311360,71311360,71311360,1591688,1591688,1591688,294920,294920,294920,0.125,0.125,0.125
main,32,2,4,materialized,assembly,1,0.222419231,0.222419231,0.222419231,70627328,70627328,70627328,1591688,1591688,1591688,294920,294920,294920,0.125,0.125,0.125
main,32,2,4,materialized,construction,1,0.128030413,0.128030413,0.128030413,67297280,67297280,67297280,1591688,1591688,1591688,294920,294920,294920,0.125,0.125,0.125
main,32,2,4,materialized,execution_view_setup,1,1.233e-06,1.233e-06,1.233e-06,67297280,67297280,67297280,1591688,1591688,1591688,294920,294920,294920,0.125,0.125,0.125
main,32,2,4,materialized,native_region_traversal_average,1,0.0010855926,0.0010855926,0.0010855926,67297280,67297280,67297280,1591688,1591688,1591688,294920,294920,294920,0.125,0.125,0.125
main,32,2,4,materialized,output,1,0.022967971,0.022967971,0.022967971,73592832,73592832,73592832,1591688,1591688,1591688,294920,294920,294920,0.125,0.125,0.125
main,32,2,4,materialized,solve_including_preconditioner,1,0.013947205,0.013947205,0.013947205,73461760,73461760,73461760,1591688,1591688,1591688,294920,294920,294920,0.125,0.125,0.125
main,32,2,4,materialized,traversal_average,1,0.0140500938,0.0140500938,0.0140500938,67297280,67297280,67297280,1591688,1591688,1591688,294920,294920,294920,0.125,0.125,0.125
main,32,2,4,native,application_average,1,6.4052e-05,6.4052e-05,6.4052e-05,73449472,73449472,73449472,110472,110472,110472,0,0,0,0.25,0.25,0.25
main,32,2,4,native,assembly,1,0.018074348,0.018074348,0.018074348,72630272,72630272,72630272,110472,110472,110472,0,0,0,0.25,0.25,0.25
main,32,2,4,native,construction,1,0.040340496,0.040340496,0.040340496,69062656,69062656,69062656,110472,110472,110472,0,0,0,0.25,0.25,0.25
main,32,2,4,native,execution_view_setup,1,4.224e-06,4.224e-06,4.224e-06,69062656,69062656,69062656,110472,110472,110472,0,0,0,0.25,0.25,0.25
main,32,2,4,native,output,1,0.034793775,0.034793775,0.034793775,75681792,75681792,75681792,110472,110472,110472,0,0,0,0.25,0.25,0.25
main,32,2,4,native,solve_including_preconditioner,1,0.01376791,0.01376791,0.01376791,75681792,75681792,75681792,110472,110472,110472,0,0,0,0.25,0.25,0.25
main,32,2,4,native,traversal_average,1,0.0037921782,0.0037921782,0.0037921782,69062656,69062656,69062656,110472,110472,110472,0,0,0,0.25,0.25,0.25
main,32,8,1,composite,application_average,1,0.0001431854,0.0001431854,0.0001431854,62283776,62283776,62283776,55928,55928,55928,0,0,0,0,0,0
main,32,8,1,composite,assembly,1,0.570576008,0.570576008,0.570576008,62283776,62283776,62283776,55928,55928,55928,0,0,0,0,0,0
main,32,8,1,composite,construction,1,0.029034675,0.029034675,0.029034675,50798592,50798592,50798592,55928,55928,55928,0,0,0,0,0,0
main,32,8,1,composite,execution_view_setup,1,7.74e-07,7.74e-07,7.74e-07,50933760,50933760,50933760,55928,55928,55928,0,0,0,0,0,0
main,32,8,1,composite,native_region_traversal_average,1,0.0024842794,0.0024842794,0.0024842794,50933760,50933760,50933760,55928,55928,55928,0,0,0,0,0,0
main,32,8,1,composite,output,1,0.093945265,0.093945265,0.093945265,68853760,68853760,68853760,55928,55928,55928,0,0,0,0,0,0
main,32,8,1,composite,solve_including_preconditioner,1,0.026911401,0.026911401,0.026911401,62283776,62283776,62283776,55928,55928,55928,0,0,0,0,0,0
main,32,8,1,composite,traversal_average,1,0.1049122096,0.1049122096,0.1049122096,50933760,50933760,50933760,55928,55928,55928,0,0,0,0,0,0
main,32,8,1,flattened,application_average,1,0.0001028874,0.0001028874,0.0001028874,97693696,97693696,97693696,25415368,25415368,25415368,0,0,0,0,0,0
main,32,8,1,flattened,assembly,1,0.029630785,0.029630785,0.029630785,97300480,97300480,97300480,25415368,25415368,25415368,0,0,0,0,0,0
main,32,8,1,flattened,construction,1,0.075856325,0.075856325,0.075856325,91250688,91250688,91250688,25415368,25415368,25415368,0,0,0,0,0,0
main,32,8,1,flattened,execution_view_setup,1,3.04e-07,3.04e-07,3.04e-07,91250688,91250688,91250688,25415368,25415368,25415368,0,0,0,0,0,0
main,32,8,1,flattened,output,1,0.054775397,0.054775397,0.054775397,102240256,102240256,102240256,25415368,25415368,25415368,0,0,0,0,0,0
main,32,8,1,flattened,solve_including_preconditioner,1,0.023578798,0.023578798,0.023578798,100143104,100143104,100143104,25415368,25415368,25415368,0,0,0,0,0,0
main,32,8,1,flattened,traversal_average,1,0.0060306582,0.0060306582,0.0060306582,91250688,91250688,91250688,25415368,25415368,25415368,0,0,0,0,0,0
main,32,8,1,materialized,application_average,1,9.57552e-05,9.57552e-05,9.57552e-05,101867520,101867520,101867520,5369408,5369408,5369408,1048584,1048584,1048584,0,0,0
main,32,8,1,materialized,assembly,1,0.568252894,0.568252894,0.568252894,101474304,101474304,101474304,5369408,5369408,5369408,1048584,1048584,1048584,0,0,0
main,32,8,1,materialized,construction,1,2.164822831,2.164822831,2.164822831,91295744,91295744,91295744,5369408,5369408,5369408,1048584,1048584,1048584,0,0,0
main,32,8,1,materialized,execution_view_setup,1,1.002e-06,1.002e-06,1.002e-06,91426816,91426816,91426816,5369408,5369408,5369408,1048584,1048584,1048584,0,0,0
main,32,8,1,materialized,native_region_traversal_average,1,0.0022397334,0.0022397334,0.0022397334,91426816,91426816,91426816,5369408,5369408,5369408,1048584,1048584,1048584,0,0,0
main,32,8,1,materialized,output,1,0.067131433,0.067131433,0.067131433,108486656,108486656,108486656,5369408,5369408,5369408,1048584,1048584,1048584,0,0,0
main,32,8,1,materialized,solve_including_preconditioner,1,0.024243058,0.024243058,0.024243058,104292352,104292352,104292352,5369408,5369408,5369408,1048584,1048584,1048584,0,0,0
main,32,8,1,materialized,traversal_average,1,0.0434099948,0.0434099948,0.0434099948,91426816,91426816,91426816,5369408,5369408,5369408,1048584,1048584,1048584,0,0,0
main,32,8,1,native,application_average,1,0.0001175582,0.0001175582,0.0001175582,62427136,62427136,62427136,31024,31024,31024,0,0,0,0,0,0
main,32,8,1,native,assembly,1,0.031117776,0.031117776,0.031117776,62427136,62427136,62427136,31024,31024,31024,0,0,0,0,0,0
main,32,8,1,native,construction,1,0.000455982,0.000455982,0.000455982,50855936,50855936,50855936,31024,31024,31024,0,0,0,0,0,0
main,32,8,1,native,execution_view_setup,1,3.939e-06,3.939e-06,3.939e-06,51027968,51027968,51027968,31024,31024,31024,0,0,0,0,0,0
main,32,8,1,native,output,1,0.055804373,0.055804373,0.055804373,66367488,66367488,66367488,31024,31024,31024,0,0,0,0,0,0
main,32,8,1,native,solve_including_preconditioner,1,0.027141849,0.027141849,0.027141849,62427136,62427136,62427136,31024,31024,31024,0,0,0,0,0,0
main,32,8,1,native,traversal_average,1,0.006052924,0.006052924,0.006052924,51027968,51027968,51027968,31024,31024,31024,0,0,0,0,0,0
main,32,32,1,composite,application_average,1,0.000112931,0.000112931,0.000112931,62439424,62439424,62439424,142712,142712,142712,0,0,0,0,0,0
main,32,32,1,composite,assembly,1,0.580685825,0.580685825,0.580685825,62439424,62439424,62439424,142712,142712,142712,0,0,0,0,0,0
main,32,32,1,composite,construction,1,0.057582846,0.057582846,0.057582846,50958336,50958336,50958336,142712,142712,142712,0,0,0,0,0,0
main,32,32,1,composite,execution_view_setup,1,2.796e-06,2.796e-06,2.796e-06,51089408,51089408,51089408,142712,142712,142712,0,0,0,0,0,0
main,32,32,1,composite,native_region_traversal_average,1,0.002125422,0.002125422,0.002125422,51089408,51089408,51089408,142712,142712,142712,0,0,0,0,0,0
main,32,32,1,composite,output,1,0.091629141,0.091629141,0.091629141,71278592,71278592,71278592,142712,142712,142712,0,0,0,0,0,0
main,32,32,1,composite,solve_including_preconditioner,1,0.027061773,0.027061773,0.027061773,62439424,62439424,62439424,142712,142712,142712,0,0,0,0,0,0
main,32,32,1,composite,traversal_average,1,0.1129677072,0.1129677072,0.1129677072,51089408,51089408,51089408,142712,142712,142712,0,0,0,0,0,0
main,32,32,1,flattened,application_average,1,0.00010557,0.00010557,0.00010557,97845248,97845248,97845248,25415368,25415368,25415368,0,0,0,0,0,0
main,32,32,1,flattened,assembly,1,0.031208419,0.031208419,0.031208419,97583104,97583104,97583104,25415368,25415368,25415368,0,0,0,0,0,0
main,32,32,1,flattened,construction,1,0.078980499,0.078980499,0.078980499,91168768,91168768,91168768,25415368,25415368,25415368,0,0,0,0,0,0
main,32,32,1,flattened,execution_view_setup,1,1.96e-07,1.96e-07,1.96e-07,91168768,91168768,91168768,25415368,25415368,25415368,0,0,0,0,0,0
main,32,32,1,flattened,output,1,0.055280195,0.055280195,0.055280195,102285312,102285312,102285312,25415368,25415368,25415368,0,0,0,0,0,0
main,32,32,1,flattened,solve_including_preconditioner,1,0.028936488,0.028936488,0.028936488,100188160,100188160,100188160,25415368,25415368,25415368,0,0,0,0,0,0
main,32,32,1,flattened,traversal_average,1,0.0059176762,0.0059176762,0.0059176762,91168768,91168768,91168768,25415368,25415368,25415368,0,0,0,0,0,0
main,32,32,1,materialized,application_average,1,0.000107426,0.000107426,0.000107426,107450368,107450368,107450368,6083456,6083456,6083456,1048584,1048584,1048584,0,0,0
main,32,32,1,materialized,assembly,1,0.6050073,0.6050073,0.6050073,107057152,107057152,107057152,6083456,6083456,6083456,1048584,1048584,1048584,0,0,0
main,32,32,1,materialized,construction,1,2.172675421,2.172675421,2.172675421,97816576,97816576,97816576,6083456,6083456,6083456,1048584,1048584,1048584,0,0,0
main,32,32,1,materialized,execution_view_setup,1,2.218e-06,2.218e-06,2.218e-06,97947648,97947648,97947648,6083456,6083456,6083456,1048584,1048584,1048584,0,0,0
main,32,32,1,materialized,native_region_traversal_average,1,0.0022354686,0.0022354686,0.0022354686,97947648,97947648,97947648,6083456,6083456,6083456,1048584,1048584,1048584,0,0,0
main,32,32,1,materialized,output,1,0.083218312,0.083218312,0.083218312,117084160,117084160,117084160,6083456,6083456,6083456,1048584,1048584,1048584,0,0,0
main,32,32,1,materialized,solve_including_preconditioner,1,0.023801123,0.023801123,0.023801123,109875200,109875200,109875200,6083456,6083456,6083456,1048584,1048584,1048584,0,0,0
main,32,32,1,materialized,traversal_average,1,0.0423762836,0.0423762836,0.0423762836,97947648,97947648,97947648,6083456,6083456,6083456,1048584,1048584,1048584,0,0,0
main,32,32,1,native,application_average,1,0.0001100246,0.0001100246,0.0001100246,62001152,62001152,62001152,31024,31024,31024,0,0,0,0,0,0
main,32,32,1,native,assembly,1,0.032567167,0.032567167,0.032567167,62001152,62001152,62001152,31024,31024,31024,0,0,0,0,0,0
main,32,32,1,native,construction,1,0.000379272,0.000379272,0.000379272,50470912,50470912,50470912,31024,31024,31024,0,0,0,0,0,0
main,32,32,1,native,execution_view_setup,1,2.961e-06,2.961e-06,2.961e-06,50601984,50601984,50601984,31024,31024,31024,0,0,0,0,0,0
main,32,32,1,native,output,1,0.056349977,0.056349977,0.056349977,66195456,66195456,66195456,31024,31024,31024,0,0,0,0,0,0
main,32,32,1,native,solve_including_preconditioner,1,0.023623858,0.023623858,0.023623858,62001152,62001152,62001152,31024,31024,31024,0,0,0,0,0,0
main,32,32,1,native,traversal_average,1,0.0064849112,0.0064849112,0.0064849112,50601984,50601984,50601984,31024,31024,31024,0,0,0,0,0,0
large,64,2,1,composite,application_average,1,0.002682183,0.002682183,0.002682183,122114048,122114048,122114048,112256,112256,112256,0,0,0,0,0,0
large,64,2,1,composite,assembly,1,4.263840006,4.263840006,4.263840006,122114048,122114048,122114048,112256,112256,112256,0,0,0,0,0,0
large,64,2,1,composite,construction,1,0.147489726,0.147489726,0.147489726,51646464,51646464,51646464,112256,112256,112256,0,0,0,0,0,0
large,64,2,1,composite,execution_view_setup,1,8.46e-07,8.46e-07,8.46e-07,51646464,51646464,51646464,112256,112256,112256,0,0,0,0,0,0
large,64,2,1,composite,native_region_traversal_average,1,0.0186771922,0.0186771922,0.0186771922,51646464,51646464,51646464,112256,112256,112256,0,0,0,0,0,0
large,64,2,1,composite,output,1,0.579152837,0.579152837,0.579152837,157757440,157757440,157757440,112256,112256,112256,0,0,0,0,0,0
large,64,2,1,composite,solve_including_preconditioner,1,0.898621635,0.898621635,0.898621635,122114048,122114048,122114048,112256,112256,112256,0,0,0,0,0,0
large,64,2,1,composite,traversal_average,1,0.7954466072,0.7954466072,0.7954466072,51646464,51646464,51646464,112256,112256,112256,0,0,0,0,0,0
large,64,2,1,flattened,application_average,1,0.0029382704,0.0029382704,0.0029382704,403210240,403210240,403210240,202315720,202315720,202315720,0,0,0,0,0,0
large,64,2,1,flattened,assembly,1,0.294121498,0.294121498,0.294121498,402817024,402817024,402817024,202315720,202315720,202315720,0,0,0,0,0,0
large,64,2,1,flattened,construction,1,1.376626919,1.376626919,1.376626919,377323520,377323520,377323520,202315720,202315720,202315720,0,0,0,0,0,0
large,64,2,1,flattened,execution_view_setup,1,2.04e-07,2.04e-07,2.04e-07,377323520,377323520,377323520,202315720,202315720,202315720,0,0,0,0,0,0
large,64,2,1,flattened,output,1,0.569444336,0.569444336,0.569444336,422420480,422420480,422420480,202315720,202315720,202315720,0,0,0,0,0,0
large,64,2,1,flattened,solve_including_preconditioner,1,1.000205356,1.000205356,1.000205356,405643264,405643264,405643264,202315720,202315720,202315720,0,0,0,0,0,0
large,64,2,1,flattened,traversal_average,1,0.061518058,0.061518058,0.061518058,377323520,377323520,377323520,202315720,202315720,202315720,0,0,0,0,0,0
large,64,2,1,materialized,application_average,1,0.0017801404,0.0017801404,0.0017801404,420130816,420130816,420130816,40654008,40654008,40654008,8388616,8388616,8388616,0,0,0
large,64,2,1,materialized,assembly,1,3.556631932,3.556631932,3.556631932,419721216,419721216,419721216,40654008,40654008,40654008,8388616,8388616,8388616,0,0,0
large,64,2,1,materialized,construction,1,218.383938367,218.383938367,218.383938367,357412864,357412864,357412864,40654008,40654008,40654008,8388616,8388616,8388616,0,0,0
large,64,2,1,materialized,execution_view_setup,1,1.553e-06,1.553e-06,1.553e-06,357543936,357543936,357543936,40654008,40654008,40654008,8388616,8388616,8388616,0,0,0
large,64,2,1,materialized,native_region_traversal_average,1,0.0175687006,0.0175687006,0.0175687006,357543936,357543936,357543936,40654008,40654008,40654008,8388616,8388616,8388616,0,0,0
large,64,2,1,materialized,output,1,0.499425953,0.499425953,0.499425953,454537216,454537216,454537216,40654008,40654008,40654008,8388616,8388616,8388616,0,0,0
large,64,2,1,materialized,solve_including_preconditioner,1,0.705023644,0.705023644,0.705023644,422686720,422686720,422686720,40654008,40654008,40654008,8388616,8388616,8388616,0,0,0
large,64,2,1,materialized,traversal_average,1,0.2485099778,0.2485099778,0.2485099778,357543936,357543936,357543936,40654008,40654008,40654008,8388616,8388616,8388616,0,0,0
large,64,2,1,native,application_average,1,0.0028044418,0.0028044418,0.0028044418,122064896,122064896,122064896,108976,108976,108976,0,0,0,0,0,0
large,64,2,1,native,assembly,1,0.333202555,0.333202555,0.333202555,122064896,122064896,122064896,108976,108976,108976,0,0,0,0,0,0
large,64,2,1,native,construction,1,0.001345837,0.001345837,0.001345837,51585024,51585024,51585024,108976,108976,108976,0,0,0,0,0,0
large,64,2,1,native,execution_view_setup,1,8.65e-07,8.65e-07,8.65e-07,51585024,51585024,51585024,108976,108976,108976,0,0,0,0,0,0
large,64,2,1,native,output,1,0.56911149,0.56911149,0.56911149,138432512,138432512,138432512,108976,108976,108976,0,0,0,0,0,0
large,64,2,1,native,solve_including_preconditioner,1,1.002648934,1.002648934,1.002648934,122064896,122064896,122064896,108976,108976,108976,0,0,0,0,0,0
large,64,2,1,native,traversal_average,1,0.055702654,0.055702654,0.055702654,51585024,51585024,51585024,108976,108976,108976,0,0,0,0,0,0
region-repeats,32,1,1,composite,application_average,3,0.0001103232,0.0001037526,0.0002756048,62025728,61952000,62218240,30432,30432,30432,0,0,0,0,0,0
region-repeats,32,1,1,composite,assembly,3,0.113835182,0.106051998,0.12559474,62025728,61952000,62218240,30432,30432,30432,0,0,0,0,0,0
region-repeats,32,1,1,composite,construction,3,0.001596815,0.001403524,0.002611614,50712576,50376704,50896896,30432,30432,30432,0,0,0,0,0,0
region-repeats,32,1,1,composite,execution_view_setup,3,2.9e-07,2.48e-07,3.04e-07,50843648,50556928,51036160,30432,30432,30432,0,0,0,0,0,0
region-repeats,32,1,1,composite,native_region_traversal_average,3,0.0022676636,0.0021556784,0.0025142742,50843648,50556928,51036160,30432,30432,30432,0,0,0,0,0,0
region-repeats,32,1,1,composite,output,3,0.06777712,0.064033639,0.071134474,68681728,68517888,68837376,30432,30432,30432,0,0,0,0,0,0
region-repeats,32,1,1,composite,solve_including_preconditioner,3,0.026754555,0.026107297,0.027854674,62025728,61952000,62218240,30432,30432,30432,0,0,0,0,0,0
region-repeats,32,1,1,composite,traversal_average,3,0.0544915378,0.053601385,0.0550393314,50843648,50556928,51036160,30432,30432,30432,0,0,0,0,0,0
region-repeats,32,2,1,composite,application_average,3,0.0001049188,0.0001036844,0.0001865684,62189568,62029824,62246912,34048,34048,34048,0,0,0,0,0,0
region-repeats,32,2,1,composite,assembly,3,0.381681,0.379195286,0.384943314,62189568,62029824,62246912,34048,34048,34048,0,0,0,0,0,0
region-repeats,32,2,1,composite,construction,3,0.013675103,0.013370842,0.014327946,50737152,50446336,50933760,34048,34048,34048,0,0,0,0,0,0
region-repeats,32,2,1,composite,execution_view_setup,3,4.37e-07,4.12e-07,5.64e-07,50737152,50708480,51064832,34048,34048,34048,0,0,0,0,0,0
region-repeats,32,2,1,composite,native_region_traversal_average,3,0.0021723864,0.0021368898,0.0025439756,50737152,50708480,51064832,34048,34048,34048,0,0,0,0,0,0
region-repeats,32,2,1,composite,output,3,0.062706705,0.061563202,0.063225761,68739072,68534272,68857856,34048,34048,34048,0,0,0,0,0,0
region-repeats,32,2,1,composite,solve_including_preconditioner,3,0.024011239,0.02303853,0.024049559,62189568,62029824,62246912,34048,34048,34048,0,0,0,0,0,0
region-repeats,32,2,1,composite,traversal_average,3,0.0813124168,0.0782204426,0.0855195928,50737152,50708480,51064832,34048,34048,34048,0,0,0,0,0,0
region-repeats,32,8,1,composite,application_average,3,0.0001242918,9.7849e-05,0.000201083,62156800,61849600,62189568,55928,55928,55928,0,0,0,0,0,0
region-repeats,32,8,1,composite,assembly,3,0.5682077,0.561747384,0.592513426,62156800,61849600,62189568,55928,55928,55928,0,0,0,0,0,0
region-repeats,32,8,1,composite,construction,3,0.03106759,0.028597226,0.031333364,50671616,50266112,50733056,55928,55928,55928,0,0,0,0,0,0
region-repeats,32,8,1,composite,execution_view_setup,3,7.81e-07,7.05e-07,8.97e-07,50806784,50528256,50864128,55928,55928,55928,0,0,0,0,0,0
region-repeats,32,8,1,composite,native_region_traversal_average,3,0.0022708186,0.0022423338,0.0023071314,50806784,50528256,50864128,55928,55928,55928,0,0,0,0,0,0
region-repeats,32,8,1,composite,output,3,0.067193842,0.067084769,0.073213966,68890624,68784128,69013504,55928,55928,55928,0,0,0,0,0,0
region-repeats,32,8,1,composite,solve_including_preconditioner,3,0.023153082,0.022705993,0.027607245,62156800,61943808,62189568,55928,55928,55928,0,0,0,0,0,0
region-repeats,32,8,1,composite,traversal_average,3,0.105929799,0.1031175812,0.1166378168,50806784,50528256,50864128,55928,55928,55928,0,0,0,0,0,0
region-repeats,32,32,1,composite,application_average,3,0.0001055026,0.0001006282,0.00010889,62136320,62087168,62259200,142712,142712,142712,0,0,0,0,0,0
region-repeats,32,32,1,composite,assembly,3,0.594177213,0.588347756,0.607676527,62136320,62087168,62259200,142712,142712,142712,0,0,0,0,0,0
region-repeats,32,32,1,composite,construction,3,0.05713505,0.053506614,0.057159273,50823168,50765824,50946048,142712,142712,142712,0,0,0,0,0,0
region-repeats,32,32,1,composite,execution_view_setup,3,1.513e-06,1.33e-06,1.873e-06,50954240,50765824,51077120,142712,142712,142712,0,0,0,0,0,0
region-repeats,32,32,1,composite,native_region_traversal_average,3,0.0022195178,0.0021290024,0.0022946248,50954240,50765824,51077120,142712,142712,142712,0,0,0,0,0,0
region-repeats,32,32,1,composite,output,3,0.083418905,0.081977807,0.105850041,71176192,70987776,71290880,142712,142712,142712,0,0,0,0,0,0
region-repeats,32,32,1,composite,solve_including_preconditioner,3,0.023076097,0.022824529,0.023207291,62136320,62087168,62259200,142712,142712,142712,0,0,0,0,0,0
region-repeats,32,32,1,composite,traversal_average,3,0.115581544,0.1122955702,0.1155844718,50954240,50765824,51077120,142712,142712,142712,0,0,0,0,0,0
